{"feature_uniques": {"Pclass": [3, 1, 2], "Sex": ["male", "female"], "Siblings-Spouses-Aboard": [0, 1, 3, 4, 2, 8, 5], "Parents-Children-Aboard": [0, 1, 2, 4, 5, 3, 6]}, "feature_summaries": {"Fare": {"count": 444.0, "mean": 35.673723198198196, "std": 55.56101297056087, "min": 0.0, "25%": 7.8958, "50%": 15.5, "75%": 32.3656, "max": 512.3292}, "Age": {"count": 444.0, "mean": 30.55292792792793, "std": 14.82603058239151, "min": 0.75, "25%": 21.0, "50%": 28.0, "75%": 40.0, "max": 71.0}}}