{"feature_uniques": {"Pclass": [3, 1, 2]}, "feature_summaries": {"Age": {"count": 444.0, "mean": 30.55292792792793, "std": 14.82603058239151, "min": 0.75, "25%": 21.0, "50%": 28.0, "75%": 40.0, "max": 71.0}, "Siblings-Spouses Aboard": {"count": 444.0, "mean": 0.5112612612612613, "std": 1.0823264109339557, "min": 0.0, "25%": 0.0, "50%": 0.0, "75%": 1.0, "max": 8.0}, "Parents-Children Aboard": {"count": 444.0, "mean": 0.3761261261261261, "std": 0.8009403854134922, "min": 0.0, "25%": 0.0, "50%": 0.0, "75%": 0.0, "max": 6.0}, "Fare": {"count": 444.0, "mean": 35.673723198198196, "std": 55.56101297056087, "min": 0.0, "25%": 7.8958, "50%": 15.5, "75%": 32.3656, "max": 512.3292}}}