{"feature_uniques": {"Pclass": [3, 1, 2], "Sex": ["male", "female"], "Siblings/Spouses Aboard": [1, 0, 3, 4, 2, 5, 8], "Parents/Children Aboard": [0, 1, 2, 5, 3, 4, 6]}, "feature_summaries": {"Fare": {"count": 728.0, "mean": 33.79080741758242, "std": 52.92573365917835, "min": 0.0, "25%": 7.9177, "50%": 14.47915, "75%": 31.275, "max": 512.3292}, "Age": {"count": 728.0, "mean": 29.434876373626373, "std": 14.175036933346044, "min": 0.42, "25%": 21.0, "50%": 28.0, "75%": 38.0, "max": 80.0}}}